{"cameraMode":{"drawMode":0,"name":"Shaded","section":"Shading Mode"},"sceneLighting":false,"audioPlay":false,"sceneViewState":{"m_AlwaysRefresh":false,"showFog":true,"showSkybox":true,"showFlares":true,"showImageEffects":true,"showParticleSystems":true,"showVisualEffectGraphs":true,"m_FxEnabled":true},"in2DMode":false,"pivot":{"x":36.41917037963867,"y":1.3341178894042969,"z":58.95542907714844},"rotation":{"x":0.12296798080205918,"y":0.022323738783597947,"z":-0.0027629330288618805,"w":0.9921633005142212},"size":102.9778060913086,"orthographic":false}