{"cameraMode":{"drawMode":0,"name":"Shaded","section":"Shading Mode"},"sceneLighting":false,"audioPlay":false,"sceneViewState":{"m_AlwaysRefresh":false,"showFog":true,"showSkybox":true,"showFlares":true,"showImageEffects":true,"showParticleSystems":true,"showVisualEffectGraphs":true,"m_FxEnabled":true},"in2DMode":false,"pivot":{"x":26.591999053955079,"y":1.024999976158142,"z":38.41400146484375},"rotation":{"x":0.05814697593450546,"y":0.9371129274368286,"z":-0.18977628648281098,"w":0.2871124744415283},"size":1.5778974294662476,"orthographic":false}