{"cameraMode":{"drawMode":0,"name":"Shaded","section":"Shading Mode"},"sceneLighting":false,"audioPlay":false,"sceneViewState":{"m_AlwaysRefresh":false,"showFog":true,"showSkybox":true,"showFlares":true,"showImageEffects":true,"showParticleSystems":true,"showVisualEffectGraphs":true,"m_FxEnabled":true},"in2DMode":false,"pivot":{"x":30.700000762939454,"y":2.4809999465942385,"z":29.722000122070314},"rotation":{"x":0.11218990385532379,"y":0.17932532727718354,"z":-0.0205849576741457,"w":0.9771642088890076},"size":1.5923787355422974,"orthographic":false}