{"cameraMode":{"drawMode":0,"name":"Shaded","section":"Shading Mode"},"sceneLighting":false,"audioPlay":false,"sceneViewState":{"m_AlwaysRefresh":false,"showFog":true,"showSkybox":true,"showFlares":true,"showImageEffects":true,"showParticleSystems":true,"showVisualEffectGraphs":true,"m_FxEnabled":true},"in2DMode":false,"pivot":{"x":32.13496398925781,"y":0.47150349617004397,"z":31.703670501708986},"rotation":{"x":0.021372349932789804,"y":0.9627504944801331,"z":-0.07990740239620209,"w":0.25745269656181338},"size":6.544949531555176,"orthographic":false}